Basic Word, B1 Alternative, Example Sentence
biglargeThe building is large and modern (example 1).
startbeginWe will begin the meeting soon (example 1).
getreceiveI received your letter yesterday (example 1).
helpassistNurses assist doctors in hospitals (example 1).
saystateShe stated her opinion clearly (example 1).
askrequestThey requested more information (example 1).
buypurchaseHe purchased a new car last week (example 1).
tellinformPlease inform me about the changes (example 1).
lookobserveScientists observe natural behavior (example 1).
useutilizeWe utilize renewable energy sources (example 1).
makecreateThey create beautiful artwork (example 1).
gogoWe go to school every day (example 1).
comearriveShe arrived late to the party (example 1).
givegiveHe gave a gift to his friend (example 1).
taketakeYou need to take the bus (example 1).
finddiscoverThey discovered a hidden cave (example 1).
thinkconsiderI consider that a good idea (example 1).
workworkWe work hard every day (example 1).
callcallI will call you later (example 1).
showdemonstrateShe demonstrated the new technique (example 1).
tryattemptHe attempted to solve the puzzle (example 1).
keepretainWe retain important information (example 1).
turnturnTurn left at the corner (example 1).
leavedepartThey departed early in the morning (example 1).
putplacePlease place the book on the table (example 1).
meansignifyThis symbol signifies peace (example 1).
keepkeepKeep the door closed (example 1).
seemappearShe appeared happy (example 1).
runrunThey run every morning (example 1).
playengageI engage in many hobbies (example 1).
movemoveWe move to a new house soon (example 1).
liveresideShe resides in London (example 1).
believebelieveI believe in your ability (example 1).
holdholdHold my hand tightly (example 1).
bringbringPlease bring your ID card (example 1).
happenoccurAn accident occurred yesterday (example 1).
writewriteHe wrote a long letter (example 1).
provideprovideWe provide free tutoring (example 1).
sitsitPlease sit here (example 1).
standstandHe will stand at the front (example 1).
loseloseI lost my keys (example 1).
paypayYou need to pay now (example 1).
meetmeetThey met at the cafe (example 1).
includeincludeThe price includes tax (example 1).
continuecontinueWe continue our journey (example 1).
setestablishThey established a new rule (example 1).
learnlearnI learn something new every day (example 1).
changealterYou should alter your plans (example 1).
leadleadShe leads the team well (example 1).
understandunderstandI understand the problem (example 1).
watchwatchWe watched a movie last night (example 1).
followfollowPlease follow the instructions (example 1).
stopceaseThe music ceased suddenly (example 1).
createcreateArtists create masterpieces (example 1).
speakspeakHe speaks three languages (example 1).
readreadI read a lot of books (example 1).
allowallowThey allow pets here (example 1).
addaddAdd some sugar to the recipe (example 1).
spendspendWe spend a lot on groceries (example 1).
growgrowThe plants grow quickly (example 1).
openopenOpen the window, please (example 1).
walkwalkWe walk to school every day (example 1).
winwinShe won the competition (example 1).
offerofferThey offered help immediately (example 1).
rememberrememberI remember your birthday (example 1).
loveloveShe loves chocolate (example 1).
considerconsiderI consider that a mistake (example 1).
appearappearHe appeared out of nowhere (example 1).
buypurchaseShe purchased a new dress (example 1).
waitwaitPlease wait for me (example 1).
serveserveThey serve dinner at 7 pm (example 1).
diepass awayHe passed away last year (example 1).
sendsendSend the package tomorrow (example 1).
expectanticipateWe anticipate good results (example 1).
buildconstructThey constructed a new building (example 1).
stayremainPlease remain calm (example 1).
fallfallThe leaves fall in autumn (example 1).
cutcutCut the paper carefully (example 1).
reachreachWe reached the summit (example 1).
killkillThe hunter killed the deer (example 1).
raiseraiseShe raised her hand (example 1).
passpassPass the salt, please (example 1).
sellsellThey sell fresh vegetables (example 1).
decidedecideI decided to stay home (example 1).
returnreturnPlease return the book (example 1).
explainexplainHe explained the rules (example 1).
hopehopeWe hope for the best (example 1).
developdevelopThe company developed new software (example 1).
carrycarryCarry this bag for me (example 1).
breakbreakHe broke the vase (example 1).
receivereceiveI received your message (example 1).
agreeagreeThey agreed on the plan (example 1).
supportsupportWe support your decision (example 1).
hitstrikeHe struck the ball hard (example 1).
produceproduceThey produced a great film (example 1).
eatconsumeShe consumes a lot of water (example 1).
covercoverCover the pot with a lid (example 1).
catchcaptureThe police captured the thief (example 1).
drawdrawHe drew a beautiful picture (example 1).
choosechooseChoose the best option (example 1).
causecauseSmoking causes health problems (example 1).
listenlistenPlease listen carefully (example 1).
wearwearHe wears a blue jacket (example 1).
stopceaseThe music ceased abruptly (example 1).
preferpreferI prefer tea over coffee (example 1).
reducereduceThey reduced the price (example 1).
preparepreparePrepare the presentation (example 1).
discussdiscussWe discussed the topic (example 1).
throwthrowThrow the ball to me (example 1).
chargechargeThey charged a fee (example 1).
wonderwonderI wonder about the future (example 1).
repeatrepeatRepeat after me (example 1).
laughlaughShe laughed loudly (example 1).
teachteachHe teaches math well (example 1).
controlcontrolThey control the situation (example 1).
catchcaptureThe net captured the fish (example 1).
shareshareWe share our ideas (example 1).
handlehandleShe handled the problem well (example 1).
savesaveSave your work regularly (example 1).
protectprotectThey protect the environment (example 1).
enterenterEnter the room quietly (example 1).
drivedriveHe drives to work daily (example 1).
mentionmentionMention your experience (example 1).
improveimproveWe improved the system (example 1).
containcontainThe box contains tools (example 1).
noticenoticeNotice the details (example 1).
discoverdiscoverThey discovered a new species (example 1).
applyapplyApply the cream twice a day (example 1).
representrepresentThis picture represents freedom (example 1).
focusfocusFocus on your goals (example 1).
managemanageThey manage the team well (example 1).
encourageencourageHe encouraged me to try (example 1).
introduceintroduceIntroduce yourself, please (example 1).
maintainmaintainMaintain good health (example 1).
treattreatThey treat their guests well (example 1).
avoidavoidAvoid dangerous areas (example 1).
preparepreparePrepare for the exam (example 1).
 joinjoinJoin us for dinner (example 1).
refuserefuseShe refused the offer (example 1).
remainremainPlease remain seated (example 1).
biglargeThe building is large and modern (example 2).
startbeginWe will begin the meeting soon (example 2).
getreceiveI received your letter yesterday (example 2).
helpassistNurses assist doctors in hospitals (example 2).
saystateShe stated her opinion clearly (example 2).
askrequestThey requested more information (example 2).
buypurchaseHe purchased a new car last week (example 2).
tellinformPlease inform me about the changes (example 2).
lookobserveScientists observe natural behavior (example 2).
useutilizeWe utilize renewable energy sources (example 2).
makecreateThey create beautiful artwork (example 2).
gogoWe go to school every day (example 2).
comearriveShe arrived late to the party (example 2).
givegiveHe gave a gift to his friend (example 2).
taketakeYou need to take the bus (example 2).
finddiscoverThey discovered a hidden cave (example 2).
thinkconsiderI consider that a good idea (example 2).
workworkWe work hard every day (example 2).
callcallI will call you later (example 2).
showdemonstrateShe demonstrated the new technique (example 2).
tryattemptHe attempted to solve the puzzle (example 2).
keepretainWe retain important information (example 2).
turnturnTurn left at the corner (example 2).
leavedepartThey departed early in the morning (example 2).
putplacePlease place the book on the table (example 2).
meansignifyThis symbol signifies peace (example 2).
keepkeepKeep the door closed (example 2).
seemappearShe appeared happy (example 2).
runrunThey run every morning (example 2).
playengageI engage in many hobbies (example 2).
movemoveWe move to a new house soon (example 2).
liveresideShe resides in London (example 2).
believebelieveI believe in your ability (example 2).
holdholdHold my hand tightly (example 2).
bringbringPlease bring your ID card (example 2).
happenoccurAn accident occurred yesterday (example 2).
writewriteHe wrote a long letter (example 2).
provideprovideWe provide free tutoring (example 2).
sitsitPlease sit here (example 2).
standstandHe will stand at the front (example 2).
loseloseI lost my keys (example 2).
paypayYou need to pay now (example 2).
meetmeetThey met at the cafe (example 2).
includeincludeThe price includes tax (example 2).
continuecontinueWe continue our journey (example 2).
setestablishThey established a new rule (example 2).
learnlearnI learn something new every day (example 2).
changealterYou should alter your plans (example 2).
leadleadShe leads the team well (example 2).
understandunderstandI understand the problem (example 2).
watchwatchWe watched a movie last night (example 2).
followfollowPlease follow the instructions (example 2).
stopceaseThe music ceased suddenly (example 2).
createcreateArtists create masterpieces (example 2).
speakspeakHe speaks three languages (example 2).
readreadI read a lot of books (example 2).
allowallowThey allow pets here (example 2).
addaddAdd some sugar to the recipe (example 2).
spendspendWe spend a lot on groceries (example 2).
growgrowThe plants grow quickly (example 2).
openopenOpen the window, please (example 2).
walkwalkWe walk to school every day (example 2).
winwinShe won the competition (example 2).
offerofferThey offered help immediately (example 2).
rememberrememberI remember your birthday (example 2).
loveloveShe loves chocolate (example 2).
considerconsiderI consider that a mistake (example 2).
appearappearHe appeared out of nowhere (example 2).
buypurchaseShe purchased a new dress (example 2).
waitwaitPlease wait for me (example 2).
serveserveThey serve dinner at 7 pm (example 2).
diepass awayHe passed away last year (example 2).
sendsendSend the package tomorrow (example 2).
expectanticipateWe anticipate good results (example 2).
buildconstructThey constructed a new building (example 2).
stayremainPlease remain calm (example 2).
fallfallThe leaves fall in autumn (example 2).
cutcutCut the paper carefully (example 2).
reachreachWe reached the summit (example 2).
killkillThe hunter killed the deer (example 2).
raiseraiseShe raised her hand (example 2).
passpassPass the salt, please (example 2).
sellsellThey sell fresh vegetables (example 2).
decidedecideI decided to stay home (example 2).
returnreturnPlease return the book (example 2).
explainexplainHe explained the rules (example 2).
hopehopeWe hope for the best (example 2).
developdevelopThe company developed new software (example 2).
carrycarryCarry this bag for me (example 2).
breakbreakHe broke the vase (example 2).
receivereceiveI received your message (example 2).
agreeagreeThey agreed on the plan (example 2).
supportsupportWe support your decision (example 2).
hitstrikeHe struck the ball hard (example 2).
produceproduceThey produced a great film (example 2).
eatconsumeShe consumes a lot of water (example 2).
covercoverCover the pot with a lid (example 2).
catchcaptureThe police captured the thief (example 2).
drawdrawHe drew a beautiful picture (example 2).
choosechooseChoose the best option (example 2).
causecauseSmoking causes health problems (example 2).
listenlistenPlease listen carefully (example 2).
wearwearHe wears a blue jacket (example 2).
stopceaseThe music ceased abruptly (example 2).
preferpreferI prefer tea over coffee (example 2).
reducereduceThey reduced the price (example 2).
preparepreparePrepare the presentation (example 2).
discussdiscussWe discussed the topic (example 2).
throwthrowThrow the ball to me (example 2).
chargechargeThey charged a fee (example 2).
wonderwonderI wonder about the future (example 2).
repeatrepeatRepeat after me (example 2).
laughlaughShe laughed loudly (example 2).
teachteachHe teaches math well (example 2).
controlcontrolThey control the situation (example 2).
catchcaptureThe net captured the fish (example 2).
shareshareWe share our ideas (example 2).
handlehandleShe handled the problem well (example 2).
savesaveSave your work regularly (example 2).
protectprotectThey protect the environment (example 2).
enterenterEnter the room quietly (example 2).
drivedriveHe drives to work daily (example 2).
mentionmentionMention your experience (example 2).
improveimproveWe improved the system (example 2).
containcontainThe box contains tools (example 2).
noticenoticeNotice the details (example 2).
discoverdiscoverThey discovered a new species (example 2).
applyapplyApply the cream twice a day (example 2).
representrepresentThis picture represents freedom (example 2).
focusfocusFocus on your goals (example 2).
managemanageThey manage the team well (example 2).
encourageencourageHe encouraged me to try (example 2).
introduceintroduceIntroduce yourself, please (example 2).
maintainmaintainMaintain good health (example 2).
treattreatThey treat their guests well (example 2).
avoidavoidAvoid dangerous areas (example 2).
preparepreparePrepare for the exam (example 2).
 joinjoinJoin us for dinner (example 2).
refuserefuseShe refused the offer (example 2).
remainremainPlease remain seated (example 2).
biglargeThe building is large and modern (example 3).
startbeginWe will begin the meeting soon (example 3).
getreceiveI received your letter yesterday (example 3).
helpassistNurses assist doctors in hospitals (example 3).
saystateShe stated her opinion clearly (example 3).
askrequestThey requested more information (example 3).
buypurchaseHe purchased a new car last week (example 3).
tellinformPlease inform me about the changes (example 3).
lookobserveScientists observe natural behavior (example 3).
useutilizeWe utilize renewable energy sources (example 3).
makecreateThey create beautiful artwork (example 3).
gogoWe go to school every day (example 3).
comearriveShe arrived late to the party (example 3).
givegiveHe gave a gift to his friend (example 3).
taketakeYou need to take the bus (example 3).
finddiscoverThey discovered a hidden cave (example 3).
thinkconsiderI consider that a good idea (example 3).
workworkWe work hard every day (example 3).
callcallI will call you later (example 3).
showdemonstrateShe demonstrated the new technique (example 3).
tryattemptHe attempted to solve the puzzle (example 3).
keepretainWe retain important information (example 3).
turnturnTurn left at the corner (example 3).
leavedepartThey departed early in the morning (example 3).
putplacePlease place the book on the table (example 3).
meansignifyThis symbol signifies peace (example 3).
keepkeepKeep the door closed (example 3).
seemappearShe appeared happy (example 3).
runrunThey run every morning (example 3).
playengageI engage in many hobbies (example 3).
movemoveWe move to a new house soon (example 3).
liveresideShe resides in London (example 3).
believebelieveI believe in your ability (example 3).
holdholdHold my hand tightly (example 3).
bringbringPlease bring your ID card (example 3).
happenoccurAn accident occurred yesterday (example 3).
writewriteHe wrote a long letter (example 3).
provideprovideWe provide free tutoring (example 3).
sitsitPlease sit here (example 3).
standstandHe will stand at the front (example 3).
loseloseI lost my keys (example 3).
paypayYou need to pay now (example 3).
meetmeetThey met at the cafe (example 3).
includeincludeThe price includes tax (example 3).
continuecontinueWe continue our journey (example 3).
setestablishThey established a new rule (example 3).
learnlearnI learn something new every day (example 3).
changealterYou should alter your plans (example 3).
leadleadShe leads the team well (example 3).
understandunderstandI understand the problem (example 3).
watchwatchWe watched a movie last night (example 3).
followfollowPlease follow the instructions (example 3).
stopceaseThe music ceased suddenly (example 3).
createcreateArtists create masterpieces (example 3).
speakspeakHe speaks three languages (example 3).
readreadI read a lot of books (example 3).
allowallowThey allow pets here (example 3).
addaddAdd some sugar to the recipe (example 3).
spendspendWe spend a lot on groceries (example 3).
growgrowThe plants grow quickly (example 3).
openopenOpen the window, please (example 3).
walkwalkWe walk to school every day (example 3).
winwinShe won the competition (example 3).
offerofferThey offered help immediately (example 3).
rememberrememberI remember your birthday (example 3).
loveloveShe loves chocolate (example 3).
considerconsiderI consider that a mistake (example 3).
appearappearHe appeared out of nowhere (example 3).
buypurchaseShe purchased a new dress (example 3).
waitwaitPlease wait for me (example 3).
serveserveThey serve dinner at 7 pm (example 3).
diepass awayHe passed away last year (example 3).
sendsendSend the package tomorrow (example 3).
expectanticipateWe anticipate good results (example 3).
buildconstructThey constructed a new building (example 3).
stayremainPlease remain calm (example 3).
fallfallThe leaves fall in autumn (example 3).
cutcutCut the paper carefully (example 3).
reachreachWe reached the summit (example 3).
killkillThe hunter killed the deer (example 3).
raiseraiseShe raised her hand (example 3).
passpassPass the salt, please (example 3).
sellsellThey sell fresh vegetables (example 3).
decidedecideI decided to stay home (example 3).
returnreturnPlease return the book (example 3).
explainexplainHe explained the rules (example 3).
hopehopeWe hope for the best (example 3).
developdevelopThe company developed new software (example 3).
carrycarryCarry this bag for me (example 3).
breakbreakHe broke the vase (example 3).
receivereceiveI received your message (example 3).
agreeagreeThey agreed on the plan (example 3).
supportsupportWe support your decision (example 3).
hitstrikeHe struck the ball hard (example 3).
produceproduceThey produced a great film (example 3).
eatconsumeShe consumes a lot of water (example 3).
covercoverCover the pot with a lid (example 3).
catchcaptureThe police captured the thief (example 3).
drawdrawHe drew a beautiful picture (example 3).
choosechooseChoose the best option (example 3).
causecauseSmoking causes health problems (example 3).
listenlistenPlease listen carefully (example 3).
wearwearHe wears a blue jacket (example 3).
stopceaseThe music ceased abruptly (example 3).
preferpreferI prefer tea over coffee (example 3).
reducereduceThey reduced the price (example 3).
preparepreparePrepare the presentation (example 3).
discussdiscussWe discussed the topic (example 3).
throwthrowThrow the ball to me (example 3).
chargechargeThey charged a fee (example 3).
wonderwonderI wonder about the future (example 3).
repeatrepeatRepeat after me (example 3).
laughlaughShe laughed loudly (example 3).
teachteachHe teaches math well (example 3).
controlcontrolThey control the situation (example 3).
catchcaptureThe net captured the fish (example 3).
shareshareWe share our ideas (example 3).
handlehandleShe handled the problem well (example 3).
savesaveSave your work regularly (example 3).
protectprotectThey protect the environment (example 3).
enterenterEnter the room quietly (example 3).
drivedriveHe drives to work daily (example 3).
mentionmentionMention your experience (example 3).
improveimproveWe improved the system (example 3).
containcontainThe box contains tools (example 3).
noticenoticeNotice the details (example 3).
discoverdiscoverThey discovered a new species (example 3).
applyapplyApply the cream twice a day (example 3).
representrepresentThis picture represents freedom (example 3).
focusfocusFocus on your goals (example 3).
managemanageThey manage the team well (example 3).
encourageencourageHe encouraged me to try (example 3).
introduceintroduceIntroduce yourself, please (example 3).
maintainmaintainMaintain good health (example 3).
treattreatThey treat their guests well (example 3).
avoidavoidAvoid dangerous areas (example 3).
preparepreparePrepare for the exam (example 3).
 joinjoinJoin us for dinner (example 3).
refuserefuseShe refused the offer (example 3).
remainremainPlease remain seated (example 3).
biglargeThe building is large and modern (example 4).
startbeginWe will begin the meeting soon (example 4).
getreceiveI received your letter yesterday (example 4).
helpassistNurses assist doctors in hospitals (example 4).
saystateShe stated her opinion clearly (example 4).
askrequestThey requested more information (example 4).
buypurchaseHe purchased a new car last week (example 4).
tellinformPlease inform me about the changes (example 4).
lookobserveScientists observe natural behavior (example 4).
useutilizeWe utilize renewable energy sources (example 4).
makecreateThey create beautiful artwork (example 4).
gogoWe go to school every day (example 4).
comearriveShe arrived late to the party (example 4).
givegiveHe gave a gift to his friend (example 4).
taketakeYou need to take the bus (example 4).
finddiscoverThey discovered a hidden cave (example 4).
thinkconsiderI consider that a good idea (example 4).
workworkWe work hard every day (example 4).
callcallI will call you later (example 4).
showdemonstrateShe demonstrated the new technique (example 4).
tryattemptHe attempted to solve the puzzle (example 4).
keepretainWe retain important information (example 4).
turnturnTurn left at the corner (example 4).
leavedepartThey departed early in the morning (example 4).
putplacePlease place the book on the table (example 4).
meansignifyThis symbol signifies peace (example 4).
keepkeepKeep the door closed (example 4).
seemappearShe appeared happy (example 4).
runrunThey run every morning (example 4).
playengageI engage in many hobbies (example 4).
movemoveWe move to a new house soon (example 4).
liveresideShe resides in London (example 4).
believebelieveI believe in your ability (example 4).
holdholdHold my hand tightly (example 4).
bringbringPlease bring your ID card (example 4).
happenoccurAn accident occurred yesterday (example 4).
writewriteHe wrote a long letter (example 4).
provideprovideWe provide free tutoring (example 4).
sitsitPlease sit here (example 4).
standstandHe will stand at the front (example 4).
loseloseI lost my keys (example 4).
paypayYou need to pay now (example 4).
meetmeetThey met at the cafe (example 4).
includeincludeThe price includes tax (example 4).
continuecontinueWe continue our journey (example 4).
setestablishThey established a new rule (example 4).
learnlearnI learn something new every day (example 4).
changealterYou should alter your plans (example 4).
leadleadShe leads the team well (example 4).
understandunderstandI understand the problem (example 4).
watchwatchWe watched a movie last night (example 4).
followfollowPlease follow the instructions (example 4).
stopceaseThe music ceased suddenly (example 4).
createcreateArtists create masterpieces (example 4).
speakspeakHe speaks three languages (example 4).
readreadI read a lot of books (example 4).
allowallowThey allow pets here (example 4).
addaddAdd some sugar to the recipe (example 4).
spendspendWe spend a lot on groceries (example 4).
growgrowThe plants grow quickly (example 4).
openopenOpen the window, please (example 4).
walkwalkWe walk to school every day (example 4).
winwinShe won the competition (example 4).
offerofferThey offered help immediately (example 4).
rememberrememberI remember your birthday (example 4).
loveloveShe loves chocolate (example 4).
considerconsiderI consider that a mistake (example 4).
appearappearHe appeared out of nowhere (example 4).
buypurchaseShe purchased a new dress (example 4).
waitwaitPlease wait for me (example 4).
serveserveThey serve dinner at 7 pm (example 4).
diepass awayHe passed away last year (example 4).
sendsendSend the package tomorrow (example 4).
expectanticipateWe anticipate good results (example 4).
buildconstructThey constructed a new building (example 4).
stayremainPlease remain calm (example 4).
fallfallThe leaves fall in autumn (example 4).
cutcutCut the paper carefully (example 4).
reachreachWe reached the summit (example 4).
killkillThe hunter killed the deer (example 4).
raiseraiseShe raised her hand (example 4).
passpassPass the salt, please (example 4).
sellsellThey sell fresh vegetables (example 4).
decidedecideI decided to stay home (example 4).
returnreturnPlease return the book (example 4).
explainexplainHe explained the rules (example 4).
hopehopeWe hope for the best (example 4).
developdevelopThe company developed new software (example 4).
carrycarryCarry this bag for me (example 4).
breakbreakHe broke the vase (example 4).
receivereceiveI received your message (example 4).
agreeagreeThey agreed on the plan (example 4).
supportsupportWe support your decision (example 4).
hitstrikeHe struck the ball hard (example 4).
produceproduceThey produced a great film (example 4).
eatconsumeShe consumes a lot of water (example 4).
covercoverCover the pot with a lid (example 4).
catchcaptureThe police captured the thief (example 4).
drawdrawHe drew a beautiful picture (example 4).
choosechooseChoose the best option (example 4).
causecauseSmoking causes health problems (example 4).
listenlistenPlease listen carefully (example 4).
wearwearHe wears a blue jacket (example 4).
stopceaseThe music ceased abruptly (example 4).
preferpreferI prefer tea over coffee (example 4).
reducereduceThey reduced the price (example 4).
preparepreparePrepare the presentation (example 4).
discussdiscussWe discussed the topic (example 4).
throwthrowThrow the ball to me (example 4).
chargechargeThey charged a fee (example 4).
wonderwonderI wonder about the future (example 4).
repeatrepeatRepeat after me (example 4).
laughlaughShe laughed loudly (example 4).
teachteachHe teaches math well (example 4).
controlcontrolThey control the situation (example 4).
catchcaptureThe net captured the fish (example 4).
shareshareWe share our ideas (example 4).
handlehandleShe handled the problem well (example 4).
savesaveSave your work regularly (example 4).
protectprotectThey protect the environment (example 4).
enterenterEnter the room quietly (example 4).
drivedriveHe drives to work daily (example 4).
mentionmentionMention your experience (example 4).
improveimproveWe improved the system (example 4).
containcontainThe box contains tools (example 4).
noticenoticeNotice the details (example 4).
discoverdiscoverThey discovered a new species (example 4).
applyapplyApply the cream twice a day (example 4).
representrepresentThis picture represents freedom (example 4).
focusfocusFocus on your goals (example 4).
managemanageThey manage the team well (example 4).
encourageencourageHe encouraged me to try (example 4).
introduceintroduceIntroduce yourself, please (example 4).
maintainmaintainMaintain good health (example 4).
treattreatThey treat their guests well (example 4).
avoidavoidAvoid dangerous areas (example 4).
preparepreparePrepare for the exam (example 4).
 joinjoinJoin us for dinner (example 4).
refuserefuseShe refused the offer (example 4).
remainremainPlease remain seated (example 4).
biglargeThe building is large and modern (example 5).
startbeginWe will begin the meeting soon (example 5).
getreceiveI received your letter yesterday (example 5).
helpassistNurses assist doctors in hospitals (example 5).
saystateShe stated her opinion clearly (example 5).
askrequestThey requested more information (example 5).
buypurchaseHe purchased a new car last week (example 5).
tellinformPlease inform me about the changes (example 5).
lookobserveScientists observe natural behavior (example 5).
useutilizeWe utilize renewable energy sources (example 5).
makecreateThey create beautiful artwork (example 5).
gogoWe go to school every day (example 5).
comearriveShe arrived late to the party (example 5).
givegiveHe gave a gift to his friend (example 5).
taketakeYou need to take the bus (example 5).
finddiscoverThey discovered a hidden cave (example 5).
thinkconsiderI consider that a good idea (example 5).
workworkWe work hard every day (example 5).
callcallI will call you later (example 5).
showdemonstrateShe demonstrated the new technique (example 5).
tryattemptHe attempted to solve the puzzle (example 5).
keepretainWe retain important information (example 5).
turnturnTurn left at the corner (example 5).
leavedepartThey departed early in the morning (example 5).
putplacePlease place the book on the table (example 5).
meansignifyThis symbol signifies peace (example 5).
keepkeepKeep the door closed (example 5).
seemappearShe appeared happy (example 5).
runrunThey run every morning (example 5).
playengageI engage in many hobbies (example 5).
movemoveWe move to a new house soon (example 5).
liveresideShe resides in London (example 5).
believebelieveI believe in your ability (example 5).
holdholdHold my hand tightly (example 5).
bringbringPlease bring your ID card (example 5).
happenoccurAn accident occurred yesterday (example 5).
writewriteHe wrote a long letter (example 5).
provideprovideWe provide free tutoring (example 5).
sitsitPlease sit here (example 5).
standstandHe will stand at the front (example 5).
loseloseI lost my keys (example 5).
paypayYou need to pay now (example 5).
meetmeetThey met at the cafe (example 5).
includeincludeThe price includes tax (example 5).
continuecontinueWe continue our journey (example 5).
setestablishThey established a new rule (example 5).
learnlearnI learn something new every day (example 5).
changealterYou should alter your plans (example 5).
leadleadShe leads the team well (example 5).
understandunderstandI understand the problem (example 5).
watchwatchWe watched a movie last night (example 5).
followfollowPlease follow the instructions (example 5).
stopceaseThe music ceased suddenly (example 5).
createcreateArtists create masterpieces (example 5).
speakspeakHe speaks three languages (example 5).
readreadI read a lot of books (example 5).
allowallowThey allow pets here (example 5).
addaddAdd some sugar to the recipe (example 5).
spendspendWe spend a lot on groceries (example 5).
growgrowThe plants grow quickly (example 5).
openopenOpen the window, please (example 5).
walkwalkWe walk to school every day (example 5).
winwinShe won the competition (example 5).
offerofferThey offered help immediately (example 5).
rememberrememberI remember your birthday (example 5).
loveloveShe loves chocolate (example 5).
considerconsiderI consider that a mistake (example 5).
appearappearHe appeared out of nowhere (example 5).
buypurchaseShe purchased a new dress (example 5).
waitwaitPlease wait for me (example 5).
serveserveThey serve dinner at 7 pm (example 5).
diepass awayHe passed away last year (example 5).
sendsendSend the package tomorrow (example 5).
expectanticipateWe anticipate good results (example 5).
buildconstructThey constructed a new building (example 5).
stayremainPlease remain calm (example 5).
fallfallThe leaves fall in autumn (example 5).
cutcutCut the paper carefully (example 5).
reachreachWe reached the summit (example 5).
killkillThe hunter killed the deer (example 5).
raiseraiseShe raised her hand (example 5).
passpassPass the salt, please (example 5).
sellsellThey sell fresh vegetables (example 5).
decidedecideI decided to stay home (example 5).
returnreturnPlease return the book (example 5).
explainexplainHe explained the rules (example 5).
hopehopeWe hope for the best (example 5).
developdevelopThe company developed new software (example 5).
carrycarryCarry this bag for me (example 5).
breakbreakHe broke the vase (example 5).
receivereceiveI received your message (example 5).
agreeagreeThey agreed on the plan (example 5).
supportsupportWe support your decision (example 5).
hitstrikeHe struck the ball hard (example 5).
produceproduceThey produced a great film (example 5).
eatconsumeShe consumes a lot of water (example 5).
covercoverCover the pot with a lid (example 5).
catchcaptureThe police captured the thief (example 5).
drawdrawHe drew a beautiful picture (example 5).
choosechooseChoose the best option (example 5).
causecauseSmoking causes health problems (example 5).
listenlistenPlease listen carefully (example 5).
wearwearHe wears a blue jacket (example 5).
stopceaseThe music ceased abruptly (example 5).
preferpreferI prefer tea over coffee (example 5).
reducereduceThey reduced the price (example 5).
preparepreparePrepare the presentation (example 5).
discussdiscussWe discussed the topic (example 5).
throwthrowThrow the ball to me (example 5).
chargechargeThey charged a fee (example 5).
wonderwonderI wonder about the future (example 5).
repeatrepeatRepeat after me (example 5).
laughlaughShe laughed loudly (example 5).
teachteachHe teaches math well (example 5).
controlcontrolThey control the situation (example 5).
catchcaptureThe net captured the fish (example 5).
shareshareWe share our ideas (example 5).
handlehandleShe handled the problem well (example 5).
savesaveSave your work regularly (example 5).
protectprotectThey protect the environment (example 5).
enterenterEnter the room quietly (example 5).
drivedriveHe drives to work daily (example 5).
mentionmentionMention your experience (example 5).
improveimproveWe improved the system (example 5).
containcontainThe box contains tools (example 5).
noticenoticeNotice the details (example 5).
discoverdiscoverThey discovered a new species (example 5).
applyapplyApply the cream twice a day (example 5).
representrepresentThis picture represents freedom (example 5).
focusfocusFocus on your goals (example 5).
managemanageThey manage the team well (example 5).
encourageencourageHe encouraged me to try (example 5).
introduceintroduceIntroduce yourself, please (example 5).
maintainmaintainMaintain good health (example 5).
treattreatThey treat their guests well (example 5).
avoidavoidAvoid dangerous areas (example 5).
preparepreparePrepare for the exam (example 5).
 joinjoinJoin us for dinner (example 5).
refuserefuseShe refused the offer (example 5).
remainremainPlease remain seated (example 5).
biglargeThe building is large and modern (example 6).
startbeginWe will begin the meeting soon (example 6).
getreceiveI received your letter yesterday (example 6).
helpassistNurses assist doctors in hospitals (example 6).
saystateShe stated her opinion clearly (example 6).
askrequestThey requested more information (example 6).
buypurchaseHe purchased a new car last week (example 6).
tellinformPlease inform me about the changes (example 6).
lookobserveScientists observe natural behavior (example 6).
useutilizeWe utilize renewable energy sources (example 6).
makecreateThey create beautiful artwork (example 6).
gogoWe go to school every day (example 6).
comearriveShe arrived late to the party (example 6).
givegiveHe gave a gift to his friend (example 6).
taketakeYou need to take the bus (example 6).
finddiscoverThey discovered a hidden cave (example 6).
thinkconsiderI consider that a good idea (example 6).
workworkWe work hard every day (example 6).
callcallI will call you later (example 6).
showdemonstrateShe demonstrated the new technique (example 6).
tryattemptHe attempted to solve the puzzle (example 6).
keepretainWe retain important information (example 6).
turnturnTurn left at the corner (example 6).
leavedepartThey departed early in the morning (example 6).
putplacePlease place the book on the table (example 6).
meansignifyThis symbol signifies peace (example 6).
keepkeepKeep the door closed (example 6).
seemappearShe appeared happy (example 6).
runrunThey run every morning (example 6).
playengageI engage in many hobbies (example 6).
movemoveWe move to a new house soon (example 6).
liveresideShe resides in London (example 6).
believebelieveI believe in your ability (example 6).
holdholdHold my hand tightly (example 6).
bringbringPlease bring your ID card (example 6).
happenoccurAn accident occurred yesterday (example 6).
writewriteHe wrote a long letter (example 6).
provideprovideWe provide free tutoring (example 6).
sitsitPlease sit here (example 6).
standstandHe will stand at the front (example 6).
loseloseI lost my keys (example 6).
paypayYou need to pay now (example 6).
meetmeetThey met at the cafe (example 6).
includeincludeThe price includes tax (example 6).
continuecontinueWe continue our journey (example 6).
setestablishThey established a new rule (example 6).
learnlearnI learn something new every day (example 6).
changealterYou should alter your plans (example 6).
leadleadShe leads the team well (example 6).
understandunderstandI understand the problem (example 6).
watchwatchWe watched a movie last night (example 6).
followfollowPlease follow the instructions (example 6).
stopceaseThe music ceased suddenly (example 6).
createcreateArtists create masterpieces (example 6).
speakspeakHe speaks three languages (example 6).
readreadI read a lot of books (example 6).
allowallowThey allow pets here (example 6).
addaddAdd some sugar to the recipe (example 6).
spendspendWe spend a lot on groceries (example 6).
growgrowThe plants grow quickly (example 6).
openopenOpen the window, please (example 6).
walkwalkWe walk to school every day (example 6).
winwinShe won the competition (example 6).
offerofferThey offered help immediately (example 6).
rememberrememberI remember your birthday (example 6).
loveloveShe loves chocolate (example 6).
considerconsiderI consider that a mistake (example 6).
appearappearHe appeared out of nowhere (example 6).
buypurchaseShe purchased a new dress (example 6).
waitwaitPlease wait for me (example 6).
serveserveThey serve dinner at 7 pm (example 6).
diepass awayHe passed away last year (example 6).
sendsendSend the package tomorrow (example 6).
expectanticipateWe anticipate good results (example 6).
buildconstructThey constructed a new building (example 6).
stayremainPlease remain calm (example 6).
fallfallThe leaves fall in autumn (example 6).
cutcutCut the paper carefully (example 6).
reachreachWe reached the summit (example 6).
killkillThe hunter killed the deer (example 6).
raiseraiseShe raised her hand (example 6).
passpassPass the salt, please (example 6).
sellsellThey sell fresh vegetables (example 6).
decidedecideI decided to stay home (example 6).
returnreturnPlease return the book (example 6).
explainexplainHe explained the rules (example 6).
hopehopeWe hope for the best (example 6).
developdevelopThe company developed new software (example 6).
carrycarryCarry this bag for me (example 6).
breakbreakHe broke the vase (example 6).
receivereceiveI received your message (example 6).
agreeagreeThey agreed on the plan (example 6).
supportsupportWe support your decision (example 6).
hitstrikeHe struck the ball hard (example 6).
produceproduceThey produced a great film (example 6).
eatconsumeShe consumes a lot of water (example 6).
covercoverCover the pot with a lid (example 6).
catchcaptureThe police captured the thief (example 6).
drawdrawHe drew a beautiful picture (example 6).
choosechooseChoose the best option (example 6).
causecauseSmoking causes health problems (example 6).
listenlistenPlease listen carefully (example 6).
wearwearHe wears a blue jacket (example 6).
stopceaseThe music ceased abruptly (example 6).
preferpreferI prefer tea over coffee (example 6).
reducereduceThey reduced the price (example 6).
preparepreparePrepare the presentation (example 6).
discussdiscussWe discussed the topic (example 6).
throwthrowThrow the ball to me (example 6).
chargechargeThey charged a fee (example 6).
wonderwonderI wonder about the future (example 6).
repeatrepeatRepeat after me (example 6).
laughlaughShe laughed loudly (example 6).
teachteachHe teaches math well (example 6).
controlcontrolThey control the situation (example 6).
catchcaptureThe net captured the fish (example 6).
shareshareWe share our ideas (example 6).
handlehandleShe handled the problem well (example 6).
savesaveSave your work regularly (example 6).
protectprotectThey protect the environment (example 6).
enterenterEnter the room quietly (example 6).
drivedriveHe drives to work daily (example 6).
mentionmentionMention your experience (example 6).
improveimproveWe improved the system (example 6).
containcontainThe box contains tools (example 6).
noticenoticeNotice the details (example 6).
discoverdiscoverThey discovered a new species (example 6).
applyapplyApply the cream twice a day (example 6).
representrepresentThis picture represents freedom (example 6).
focusfocusFocus on your goals (example 6).
managemanageThey manage the team well (example 6).
encourageencourageHe encouraged me to try (example 6).
introduceintroduceIntroduce yourself, please (example 6).
maintainmaintainMaintain good health (example 6).
treattreatThey treat their guests well (example 6).
avoidavoidAvoid dangerous areas (example 6).
preparepreparePrepare for the exam (example 6).
 joinjoinJoin us for dinner (example 6).
refuserefuseShe refused the offer (example 6).
remainremainPlease remain seated (example 6).
biglargeThe building is large and modern (example 7).
startbeginWe will begin the meeting soon (example 7).
getreceiveI received your letter yesterday (example 7).
helpassistNurses assist doctors in hospitals (example 7).
saystateShe stated her opinion clearly (example 7).
askrequestThey requested more information (example 7).
buypurchaseHe purchased a new car last week (example 7).
tellinformPlease inform me about the changes (example 7).
lookobserveScientists observe natural behavior (example 7).
useutilizeWe utilize renewable energy sources (example 7).
makecreateThey create beautiful artwork (example 7).
gogoWe go to school every day (example 7).
comearriveShe arrived late to the party (example 7).
givegiveHe gave a gift to his friend (example 7).
taketakeYou need to take the bus (example 7).
finddiscoverThey discovered a hidden cave (example 7).
thinkconsiderI consider that a good idea (example 7).
workworkWe work hard every day (example 7).
callcallI will call you later (example 7).
showdemonstrateShe demonstrated the new technique (example 7).
tryattemptHe attempted to solve the puzzle (example 7).
keepretainWe retain important information (example 7).
turnturnTurn left at the corner (example 7).
leavedepartThey departed early in the morning (example 7).
putplacePlease place the book on the table (example 7).
meansignifyThis symbol signifies peace (example 7).
keepkeepKeep the door closed (example 7).
seemappearShe appeared happy (example 7).
runrunThey run every morning (example 7).
playengageI engage in many hobbies (example 7).
movemoveWe move to a new house soon (example 7).
liveresideShe resides in London (example 7).
believebelieveI believe in your ability (example 7).
holdholdHold my hand tightly (example 7).
bringbringPlease bring your ID card (example 7).
happenoccurAn accident occurred yesterday (example 7).
writewriteHe wrote a long letter (example 7).
provideprovideWe provide free tutoring (example 7).
sitsitPlease sit here (example 7).
standstandHe will stand at the front (example 7).
loseloseI lost my keys (example 7).
paypayYou need to pay now (example 7).
meetmeetThey met at the cafe (example 7).
includeincludeThe price includes tax (example 7).
continuecontinueWe continue our journey (example 7).
setestablishThey established a new rule (example 7).
learnlearnI learn something new every day (example 7).
changealterYou should alter your plans (example 7).
leadleadShe leads the team well (example 7).
understandunderstandI understand the problem (example 7).
watchwatchWe watched a movie last night (example 7).
followfollowPlease follow the instructions (example 7).
stopceaseThe music ceased suddenly (example 7).
createcreateArtists create masterpieces (example 7).
speakspeakHe speaks three languages (example 7).
readreadI read a lot of books (example 7).
allowallowThey allow pets here (example 7).
addaddAdd some sugar to the recipe (example 7).
spendspendWe spend a lot on groceries (example 7).
growgrowThe plants grow quickly (example 7).
openopenOpen the window, please (example 7).
walkwalkWe walk to school every day (example 7).
winwinShe won the competition (example 7).
offerofferThey offered help immediately (example 7).
rememberrememberI remember your birthday (example 7).
loveloveShe loves chocolate (example 7).
considerconsiderI consider that a mistake (example 7).
appearappearHe appeared out of nowhere (example 7).
buypurchaseShe purchased a new dress (example 7).
waitwaitPlease wait for me (example 7).
serveserveThey serve dinner at 7 pm (example 7).
diepass awayHe passed away last year (example 7).
sendsendSend the package tomorrow (example 7).
expectanticipateWe anticipate good results (example 7).
buildconstructThey constructed a new building (example 7).
stayremainPlease remain calm (example 7).
fallfallThe leaves fall in autumn (example 7).
cutcutCut the paper carefully (example 7).
reachreachWe reached the summit (example 7).
killkillThe hunter killed the deer (example 7).
raiseraiseShe raised her hand (example 7).
passpassPass the salt, please (example 7).
sellsellThey sell fresh vegetables (example 7).
decidedecideI decided to stay home (example 7).
returnreturnPlease return the book (example 7).
explainexplainHe explained the rules (example 7).
hopehopeWe hope for the best (example 7).
developdevelopThe company developed new software (example 7).
carrycarryCarry this bag for me (example 7).
breakbreakHe broke the vase (example 7).
receivereceiveI received your message (example 7).
agreeagreeThey agreed on the plan (example 7).
supportsupportWe support your decision (example 7).
hitstrikeHe struck the ball hard (example 7).
produceproduceThey produced a great film (example 7).
eatconsumeShe consumes a lot of water (example 7).
covercoverCover the pot with a lid (example 7).
catchcaptureThe police captured the thief (example 7).
drawdrawHe drew a beautiful picture (example 7).
choosechooseChoose the best option (example 7).
causecauseSmoking causes health problems (example 7).
listenlistenPlease listen carefully (example 7).
wearwearHe wears a blue jacket (example 7).
stopceaseThe music ceased abruptly (example 7).
preferpreferI prefer tea over coffee (example 7).
reducereduceThey reduced the price (example 7).
preparepreparePrepare the presentation (example 7).
discussdiscussWe discussed the topic (example 7).
throwthrowThrow the ball to me (example 7).
chargechargeThey charged a fee (example 7).
wonderwonderI wonder about the future (example 7).
repeatrepeatRepeat after me (example 7).
laughlaughShe laughed loudly (example 7).
teachteachHe teaches math well (example 7).
controlcontrolThey control the situation (example 7).
catchcaptureThe net captured the fish (example 7).
shareshareWe share our ideas (example 7).
handlehandleShe handled the problem well (example 7).
savesaveSave your work regularly (example 7).
protectprotectThey protect the environment (example 7).
enterenterEnter the room quietly (example 7).
drivedriveHe drives to work daily (example 7).
mentionmentionMention your experience (example 7).
improveimproveWe improved the system (example 7).
containcontainThe box contains tools (example 7).
noticenoticeNotice the details (example 7).
discoverdiscoverThey discovered a new species (example 7).
applyapplyApply the cream twice a day (example 7).
representrepresentThis picture represents freedom (example 7).
focusfocusFocus on your goals (example 7).
managemanageThey manage the team well (example 7).
encourageencourageHe encouraged me to try (example 7).
introduceintroduceIntroduce yourself, please (example 7).
maintainmaintainMaintain good health (example 7).
treattreatThey treat their guests well (example 7).
avoidavoidAvoid dangerous areas (example 7).
preparepreparePrepare for the exam (example 7).
 joinjoinJoin us for dinner (example 7).
refuserefuseShe refused the offer (example 7).
remainremainPlease remain seated (example 7).
biglargeThe building is large and modern (example 8).
startbeginWe will begin the meeting soon (example 8).
getreceiveI received your letter yesterday (example 8).
helpassistNurses assist doctors in hospitals (example 8).
saystateShe stated her opinion clearly (example 8).
askrequestThey requested more information (example 8).
buypurchaseHe purchased a new car last week (example 8).
tellinformPlease inform me about the changes (example 8).
lookobserveScientists observe natural behavior (example 8).
useutilizeWe utilize renewable energy sources (example 8).
makecreateThey create beautiful artwork (example 8).
gogoWe go to school every day (example 8).
comearriveShe arrived late to the party (example 8).
givegiveHe gave a gift to his friend (example 8).
taketakeYou need to take the bus (example 8).
finddiscoverThey discovered a hidden cave (example 8).
thinkconsiderI consider that a good idea (example 8).
workworkWe work hard every day (example 8).
callcallI will call you later (example 8).
showdemonstrateShe demonstrated the new technique (example 8).
tryattemptHe attempted to solve the puzzle (example 8).
keepretainWe retain important information (example 8).
turnturnTurn left at the corner (example 8).
leavedepartThey departed early in the morning (example 8).
putplacePlease place the book on the table (example 8).
meansignifyThis symbol signifies peace (example 8).
keepkeepKeep the door closed (example 8).
seemappearShe appeared happy (example 8).
runrunThey run every morning (example 8).
playengageI engage in many hobbies (example 8).
movemoveWe move to a new house soon (example 8).
liveresideShe resides in London (example 8).
believebelieveI believe in your ability (example 8).
holdholdHold my hand tightly (example 8).
bringbringPlease bring your ID card (example 8).
happenoccurAn accident occurred yesterday (example 8).
writewriteHe wrote a long letter (example 8).
provideprovideWe provide free tutoring (example 8).
sitsitPlease sit here (example 8).
standstandHe will stand at the front (example 8).
loseloseI lost my keys (example 8).
paypayYou need to pay now (example 8).
meetmeetThey met at the cafe (example 8).
includeincludeThe price includes tax (example 8).
continuecontinueWe continue our journey (example 8).
setestablishThey established a new rule (example 8).
learnlearnI learn something new every day (example 8).
changealterYou should alter your plans (example 8).
leadleadShe leads the team well (example 8).
understandunderstandI understand the problem (example 8).
watchwatchWe watched a movie last night (example 8).
followfollowPlease follow the instructions (example 8).
stopceaseThe music ceased suddenly (example 8).
createcreateArtists create masterpieces (example 8).
speakspeakHe speaks three languages (example 8).
readreadI read a lot of books (example 8).
allowallowThey allow pets here (example 8).
addaddAdd some sugar to the recipe (example 8).
spendspendWe spend a lot on groceries (example 8).
growgrowThe plants grow quickly (example 8).
openopenOpen the window, please (example 8).
walkwalkWe walk to school every day (example 8).
winwinShe won the competition (example 8).
offerofferThey offered help immediately (example 8).
rememberrememberI remember your birthday (example 8).
loveloveShe loves chocolate (example 8).
considerconsiderI consider that a mistake (example 8).
appearappearHe appeared out of nowhere (example 8).
buypurchaseShe purchased a new dress (example 8).
waitwaitPlease wait for me (example 8).
serveserveThey serve dinner at 7 pm (example 8).
diepass awayHe passed away last year (example 8).
sendsendSend the package tomorrow (example 8).
expectanticipateWe anticipate good results (example 8).
buildconstructThey constructed a new building (example 8).
stayremainPlease remain calm (example 8).
fallfallThe leaves fall in autumn (example 8).
cutcutCut the paper carefully (example 8).
reachreachWe reached the summit (example 8).
killkillThe hunter killed the deer (example 8).
raiseraiseShe raised her hand (example 8).
passpassPass the salt, please (example 8).
sellsellThey sell fresh vegetables (example 8).
decidedecideI decided to stay home (example 8).
returnreturnPlease return the book (example 8).
explainexplainHe explained the rules (example 8).
hopehopeWe hope for the best (example 8).
developdevelopThe company developed new software (example 8).
carrycarryCarry this bag for me (example 8).
breakbreakHe broke the vase (example 8).
receivereceiveI received your message (example 8).
agreeagreeThey agreed on the plan (example 8).
supportsupportWe support your decision (example 8).
hitstrikeHe struck the ball hard (example 8).
produceproduceThey produced a great film (example 8).
eatconsumeShe consumes a lot of water (example 8).
covercoverCover the pot with a lid (example 8).
catchcaptureThe police captured the thief (example 8).
drawdrawHe drew a beautiful picture (example 8).
choosechooseChoose the best option (example 8).
causecauseSmoking causes health problems (example 8).
listenlistenPlease listen carefully (example 8).
wearwearHe wears a blue jacket (example 8).
stopceaseThe music ceased abruptly (example 8).
preferpreferI prefer tea over coffee (example 8).
reducereduceThey reduced the price (example 8).
preparepreparePrepare the presentation (example 8).
discussdiscussWe discussed the topic (example 8).
throwthrowThrow the ball to me (example 8).
chargechargeThey charged a fee (example 8).
wonderwonderI wonder about the future (example 8).
repeatrepeatRepeat after me (example 8).
laughlaughShe laughed loudly (example 8).
teachteachHe teaches math well (example 8).
controlcontrolThey control the situation (example 8).
catchcaptureThe net captured the fish (example 8).
shareshareWe share our ideas (example 8).
handlehandleShe handled the problem well (example 8).
savesaveSave your work regularly (example 8).
protectprotectThey protect the environment (example 8).
enterenterEnter the room quietly (example 8).
drivedriveHe drives to work daily (example 8).
mentionmentionMention your experience (example 8).
improveimproveWe improved the system (example 8).
containcontainThe box contains tools (example 8).
noticenoticeNotice the details (example 8).
discoverdiscoverThey discovered a new species (example 8).
applyapplyApply the cream twice a day (example 8).
representrepresentThis picture represents freedom (example 8).
focusfocusFocus on your goals (example 8).
managemanageThey manage the team well (example 8).
encourageencourageHe encouraged me to try (example 8).
introduceintroduceIntroduce yourself, please (example 8).
maintainmaintainMaintain good health (example 8).
treattreatThey treat their guests well (example 8).
avoidavoidAvoid dangerous areas (example 8).
preparepreparePrepare for the exam (example 8).
 joinjoinJoin us for dinner (example 8).
refuserefuseShe refused the offer (example 8).
remainremainPlease remain seated (example 8).
biglargeThe building is large and modern (example 9).
startbeginWe will begin the meeting soon (example 9).
getreceiveI received your letter yesterday (example 9).
helpassistNurses assist doctors in hospitals (example 9).
saystateShe stated her opinion clearly (example 9).
askrequestThey requested more information (example 9).
buypurchaseHe purchased a new car last week (example 9).
tellinformPlease inform me about the changes (example 9).
lookobserveScientists observe natural behavior (example 9).
useutilizeWe utilize renewable energy sources (example 9).
makecreateThey create beautiful artwork (example 9).
gogoWe go to school every day (example 9).
comearriveShe arrived late to the party (example 9).
givegiveHe gave a gift to his friend (example 9).
taketakeYou need to take the bus (example 9).
finddiscoverThey discovered a hidden cave (example 9).
thinkconsiderI consider that a good idea (example 9).
workworkWe work hard every day (example 9).
callcallI will call you later (example 9).
showdemonstrateShe demonstrated the new technique (example 9).
tryattemptHe attempted to solve the puzzle (example 9).